Id,Name
1,Arts
2,Books
3,Design
4,Fashion & Beauty
5,Food
6,Performing Arts
7,Visual Arts
8,Business
9,Careers
10,Entrepreneurship
11,Investing
12,Management
13,Marketing
14,Non-Profit
15,Comedy
16,Comedy Interviews
17,Stand-Up
18,Improv
19,Education
20,Courses
21,How to
22,Language Learning
23,Self-Improvement
24,Fiction
25,Comedy Fiction
26,Drama
27,Science Fiction
28,Government
29,Health & Fitness
30,Alternative Health
31,Fitness
32,Medicine
33,Mental Health
34,Nutrition
35,Sexuality
36,History
37,Kids & Family
38,Education for Kids
39,Parenting
40,Pets & Animals
41,Stories for Kids
42,Leisure
43,Animation & Manga
44,Automotive
45,Aviation
46,Crafts
47,Games
48,Hobbies
49,Home & Garden
50,Video Games
51,Music
52,Music Commentary
53,Music History
54,Music Interviews
55,News
56,Business News
57,Daily News
58,Entertainment News
59,News Commentary
60,Politics
61,Sports News
62,Tech News
63,Religion & Spirituality
64,Buddhism
65,Christianity
66,Hinduism
67,Islam
68,Judaism
69,Religion
70,Spirituality
71,Science
72,Astronomy
73,Chemistry
74,Earth Sciences
75,Life Sciences
76,Mathematics
77,Natural Sciences
78,Nature
79,Physics
80,Social Sciences
81,Society & Culture
82,Documentary
83,Personal Journals
84,Philosophy
85,Places & Travel
86,Relationships
87,Sports
88,Baseball
89,Basketball
90,Cricket
91,Fantasy Sports
92,Football
93,Golf
94,Hockey
95,Rugby
96,Running
97,Soccer
98,Swimming
99,Tennis
100,Volleyball
101,Wilderness
102,Wrestling
103,TV & Film
104,After Shows
105,Film History
106,Film Interviews
107,Film Reviews
108,TV Reviews
109,Technology
110,True Crime
